{
  "metrics": {
    "AUC": 0.5209334930394155,
    "AP": 0.7712027228416138,
    "F1@0.5": 0.8629276239236677
  }
}